frame_id,evidence_id,captured_at,device_type,raw_len,header_len,declared_len,payload_hex,payload_crc_hex,header_crc_valid,payload_crc_valid,packet_type,packet_type_name,sequence,command_or_event,parsed_payload_json,parser_version,warnings_json
ios.A86A3216-7FBE-0190-B03D-B3E8F6D7C687.1780453008729.0.aa10005730011700.frame.0,ios.A86A3216-7FBE-0190-B03D-B3E8F6D7C687.1780453008729.0.aa10005730011700,2026-06-03T02:16:48.729Z,GEN_4,20,4,16,3001170065e0e10110780000,1232281a,true,true,48,EVENT,1,23,"{""kind"":""event"",""event_id"":23,""event_name"":null,""timestamp_seconds"":31580261,""timestamp_subseconds"":30736,""data_offset"":12,""data_hex"":"""",""warnings"":[]}",goose-swift/live-notification,[]
ios.A86A3216-7FBE-0190-B03D-B3E8F6D7C687.1780453082707.0.aa1c00ab302b0100.frame.0,ios.A86A3216-7FBE-0190-B03D-B3E8F6D7C687.1780453082707.0.aa1c00ab302b0100,2026-06-03T02:18:02.707Z,GEN_4,32,4,28,302b0100afe0e101806d0c00010005020e00000000000000,94de7e12,true,true,48,EVENT,43,1,"{""kind"":""event"",""event_id"":1,""event_name"":""ERROR"",""timestamp_seconds"":31580335,""timestamp_subseconds"":28032,""data_offset"":12,""data_hex"":""010005020e00000000000000"",""warnings"":[]}",goose-swift/live-notification,[]
ios.A86A3216-7FBE-0190-B03D-B3E8F6D7C687.1780453135388.0.aa1c00ab302f1d00.frame.0,ios.A86A3216-7FBE-0190-B03D-B3E8F6D7C687.1780453135388.0.aa1c00ab302f1d00,2026-06-03T02:18:55.388Z,GEN_4,32,4,28,302f1d00e4e0e101d0500c008d03000006006e000b000100,ecc4bcba,true,true,48,EVENT,47,29,"{""kind"":""event"",""event_id"":29,""event_name"":""STRAP_CONDITION_REPORT"",""timestamp_seconds"":31580388,""timestamp_subseconds"":20688,""data_offset"":12,""data_hex"":""8d03000006006e000b000100"",""warnings"":[]}",goose-swift/live-notification,[]
ios.A86A3216-7FBE-0190-B03D-B3E8F6D7C687.1780453311427.0.aa2400fa30350300.frame.0,ios.A86A3216-7FBE-0190-B03D-B3E8F6D7C687.1780453311427.0.aa2400fa30350300,2026-06-03T02:21:51.427Z,GEN_4,40,4,36,3035030094e1e10160491400026c0000006d0e00000000280c00000402000000,9c856362,true,true,48,EVENT,53,3,"{""kind"":""event"",""event_id"":3,""event_name"":""BATTERY_LEVEL"",""timestamp_seconds"":31580564,""timestamp_subseconds"":18784,""data_offset"":12,""data_hex"":""026c0000006d0e00000000280c00000402000000"",""warnings"":[]}",goose-swift/live-notification,[]
ios.A86A3216-7FBE-0190-B03D-B3E8F6D7C687.1780453311547.0.aa2c005230363f00.frame.0,ios.A86A3216-7FBE-0190-B03D-B3E8F6D7C687.1780453311547.0.aa2c005230363f00,2026-06-03T02:21:51.547Z,GEN_4,48,4,44,30363f0094e1e10168491c000139f94cff6d0e0d010200f200e803280c0000040200001a00000000,cd93ab48,true,true,48,EVENT,54,63,"{""kind"":""event"",""event_id"":63,""event_name"":""EXTENDED_BATTERY_INFORMATION"",""timestamp_seconds"":31580564,""timestamp_subseconds"":18792,""data_offset"":12,""data_hex"":""0139f94cff6d0e0d010200f200e803280c0000040200001a00000000"",""warnings"":[]}",goose-swift/live-notification,[]
ios.A86A3216-7FBE-0190-B03D-B3E8F6D7C687.1780453645088.0.aa10005730421500.frame.0,ios.A86A3216-7FBE-0190-B03D-B3E8F6D7C687.1780453645088.0.aa10005730421500,2026-06-03T02:27:25.088Z,GEN_4,20,4,16,30421500e2e2e10198280000,4fb047db,true,true,48,EVENT,66,21,"{""kind"":""event"",""event_id"":21,""event_name"":null,""timestamp_seconds"":31580898,""timestamp_subseconds"":10392,""data_offset"":12,""data_hex"":"""",""warnings"":[]}",goose-swift/live-notification,[]
ios.A86A3216-7FBE-0190-B03D-B3E8F6D7C687.1780453674429.0.aa2400fa30490300.frame.0,ios.A86A3216-7FBE-0190-B03D-B3E8F6D7C687.1780453674429.0.aa2400fa30490300,2026-06-03T02:27:54.429Z,GEN_4,40,4,36,30490300ffe2e101784f14000273000000a30e000001011a0d00000402000000,b5bc53b4,true,true,48,EVENT,73,3,"{""kind"":""event"",""event_id"":3,""event_name"":""BATTERY_LEVEL"",""timestamp_seconds"":31580927,""timestamp_subseconds"":20344,""data_offset"":12,""data_hex"":""0273000000a30e000001011a0d00000402000000"",""warnings"":[]}",goose-swift/live-notification,[]
ios.A86A3216-7FBE-0190-B03D-B3E8F6D7C687.1780453734429.0.aa2400fa309f0300.frame.0,ios.A86A3216-7FBE-0190-B03D-B3E8F6D7C687.1780453734429.0.aa2400fa309f0300,2026-06-03T02:28:54.429Z,GEN_4,40,4,36,309f03003be3e101604f1400027b000000a80e000001010c0e00000302000000,0034c92b,true,true,48,EVENT,159,3,"{""kind"":""event"",""event_id"":3,""event_name"":""BATTERY_LEVEL"",""timestamp_seconds"":31580987,""timestamp_subseconds"":20320,""data_offset"":12,""data_hex"":""027b000000a80e000001010c0e00000302000000"",""warnings"":[]}",goose-swift/live-notification,[]
ios.A86A3216-7FBE-0190-B03D-B3E8F6D7C687.1780453737429.0.aa1c00ab30a41d00.frame.0,ios.A86A3216-7FBE-0190-B03D-B3E8F6D7C687.1780453737429.0.aa1c00ab30a41d00,2026-06-03T02:28:57.429Z,GEN_4,32,4,28,30a41d003ee3e10158540c009c03000007007b000b010100,d5aea421,true,true,48,EVENT,164,29,"{""kind"":""event"",""event_id"":29,""event_name"":""STRAP_CONDITION_REPORT"",""timestamp_seconds"":31580990,""timestamp_subseconds"":21592,""data_offset"":12,""data_hex"":""9c03000007007b000b010100"",""warnings"":[]}",goose-swift/live-notification,[]
ios.A86A3216-7FBE-0190-B03D-B3E8F6D7C687.1780453794430.0.aa2400fa30ad0300.frame.0,ios.A86A3216-7FBE-0190-B03D-B3E8F6D7C687.1780453794430.0.aa2400fa30ad0300,2026-06-03T02:29:54.430Z,GEN_4,40,4,36,30ad030077e3e101f84f14000283000000b50e000001013a0e00000202000000,ae80756a,true,true,48,EVENT,173,3,"{""kind"":""event"",""event_id"":3,""event_name"":""BATTERY_LEVEL"",""timestamp_seconds"":31581047,""timestamp_subseconds"":20472,""data_offset"":12,""data_hex"":""0283000000b50e000001013a0e00000202000000"",""warnings"":[]}",goose-swift/live-notification,[]
ios.A86A3216-7FBE-0190-B03D-B3E8F6D7C687.1780453854370.0.aa2400fa30b90300.frame.0,ios.A86A3216-7FBE-0190-B03D-B3E8F6D7C687.1780453854370.0.aa2400fa30b90300,2026-06-03T02:30:54.370Z,GEN_4,40,4,36,30b90300b3e3e10148511400028b000000be0e000001012c0f00000102000000,bdaa42ad,true,true,48,EVENT,185,3,"{""kind"":""event"",""event_id"":3,""event_name"":""BATTERY_LEVEL"",""timestamp_seconds"":31581107,""timestamp_subseconds"":20808,""data_offset"":12,""data_hex"":""028b000000be0e000001012c0f00000102000000"",""warnings"":[]}",goose-swift/live-notification,[]
ios.A86A3216-7FBE-0190-B03D-B3E8F6D7C687.1780453914431.0.aa2400fa30c80300.frame.0,ios.A86A3216-7FBE-0190-B03D-B3E8F6D7C687.1780453914431.0.aa2400fa30c80300,2026-06-03T02:31:54.431Z,GEN_4,40,4,36,30c80300efe3e101d85214000293000000c30e00000101261000000002000000,3fdc4491,true,true,48,EVENT,200,3,"{""kind"":""event"",""event_id"":3,""event_name"":""BATTERY_LEVEL"",""timestamp_seconds"":31581167,""timestamp_subseconds"":21208,""data_offset"":12,""data_hex"":""0293000000c30e00000101261000000002000000"",""warnings"":[]}",goose-swift/live-notification,[]
ios.A86A3216-7FBE-0190-B03D-B3E8F6D7C687.1780453974492.0.aa2400fa30d50300.frame.0,ios.A86A3216-7FBE-0190-B03D-B3E8F6D7C687.1780453974492.0.aa2400fa30d50300,2026-06-03T02:32:54.492Z,GEN_4,40,4,36,30d503002be4e10108551400029b000000cc0e00000101201100003b01000000,394e941a,true,true,48,EVENT,213,3,"{""kind"":""event"",""event_id"":3,""event_name"":""BATTERY_LEVEL"",""timestamp_seconds"":31581227,""timestamp_subseconds"":21768,""data_offset"":12,""data_hex"":""029b000000cc0e00000101201100003b01000000"",""warnings"":[]}",goose-swift/live-notification,[]
ios.A86A3216-7FBE-0190-B03D-B3E8F6D7C687.1780454034552.0.aa2400fa30e10300.frame.0,ios.A86A3216-7FBE-0190-B03D-B3E8F6D7C687.1780454034552.0.aa2400fa30e10300,2026-06-03T02:33:54.552Z,GEN_4,40,4,36,30e1030067e4e1011858140002a4000000d20e00000101121200003a01000000,61ca6326,true,true,48,EVENT,225,3,"{""kind"":""event"",""event_id"":3,""event_name"":""BATTERY_LEVEL"",""timestamp_seconds"":31581287,""timestamp_subseconds"":22552,""data_offset"":12,""data_hex"":""02a4000000d20e00000101121200003a01000000"",""warnings"":[]}",goose-swift/live-notification,[]
ios.A86A3216-7FBE-0190-B03D-B3E8F6D7C687.1780454094553.0.aa2400fa30ee0300.frame.0,ios.A86A3216-7FBE-0190-B03D-B3E8F6D7C687.1780454094553.0.aa2400fa30ee0300,2026-06-03T02:34:54.553Z,GEN_4,40,4,36,30ee0300a3e4e101405b140002ac000000d80e000001010c1300003901000000,5f2844b4,true,true,48,EVENT,238,3,"{""kind"":""event"",""event_id"":3,""event_name"":""BATTERY_LEVEL"",""timestamp_seconds"":31581347,""timestamp_subseconds"":23360,""data_offset"":12,""data_hex"":""02ac000000d80e000001010c1300003901000000"",""warnings"":[]}",goose-swift/live-notification,[]
ios.A86A3216-7FBE-0190-B03D-B3E8F6D7C687.1780454154554.0.aa2400fa30fa0300.frame.0,ios.A86A3216-7FBE-0190-B03D-B3E8F6D7C687.1780454154554.0.aa2400fa30fa0300,2026-06-03T02:35:54.554Z,GEN_4,40,4,36,30fa0300dfe4e101d05e140002b5000000de0e00000101051400003801000000,600a42f7,true,true,48,EVENT,250,3,"{""kind"":""event"",""event_id"":3,""event_name"":""BATTERY_LEVEL"",""timestamp_seconds"":31581407,""timestamp_subseconds"":24272,""data_offset"":12,""data_hex"":""02b5000000de0e00000101051400003801000000"",""warnings"":[]}",goose-swift/live-notification,[]
ios.A86A3216-7FBE-0190-B03D-B3E8F6D7C687.1780454214555.0.aa2400fa30090300.frame.0,ios.A86A3216-7FBE-0190-B03D-B3E8F6D7C687.1780454214555.0.aa2400fa30090300,2026-06-03T02:36:54.555Z,GEN_4,40,4,36,300903001be5e1015862140002be000000e40e000001013b1400003701000000,1ea7503a,true,true,48,EVENT,9,3,"{""kind"":""event"",""event_id"":3,""event_name"":""BATTERY_LEVEL"",""timestamp_seconds"":31581467,""timestamp_subseconds"":25176,""data_offset"":12,""data_hex"":""02be000000e40e000001013b1400003701000000"",""warnings"":[]}",goose-swift/live-notification,[]
ios.A86A3216-7FBE-0190-B03D-B3E8F6D7C687.1780454274560.0.aa2400fa30160300.frame.0,ios.A86A3216-7FBE-0190-B03D-B3E8F6D7C687.1780454274560.0.aa2400fa30160300,2026-06-03T02:37:54.560Z,GEN_4,40,4,36,3016030057e5e101e066140002c6000000ea0e00000101001600003501000000,b9ea69fb,true,true,48,EVENT,22,3,"{""kind"":""event"",""event_id"":3,""event_name"":""BATTERY_LEVEL"",""timestamp_seconds"":31581527,""timestamp_subseconds"":26336,""data_offset"":12,""data_hex"":""02c6000000ea0e00000101001600003501000000"",""warnings"":[]}",goose-swift/live-notification,[]
ios.A86A3216-7FBE-0190-B03D-B3E8F6D7C687.1780454334800.0.aa2400fa30220300.frame.0,ios.A86A3216-7FBE-0190-B03D-B3E8F6D7C687.1780454334800.0.aa2400fa30220300,2026-06-03T02:38:54.800Z,GEN_4,40,4,36,3022030093e5e101486b140002d0000000ee0e00000101361600003401000000,651f0f06,true,true,48,EVENT,34,3,"{""kind"":""event"",""event_id"":3,""event_name"":""BATTERY_LEVEL"",""timestamp_seconds"":31581587,""timestamp_subseconds"":27464,""data_offset"":12,""data_hex"":""02d0000000ee0e00000101361600003401000000"",""warnings"":[]}",goose-swift/live-notification,[]
ios.A86A3216-7FBE-0190-B03D-B3E8F6D7C687.1780454337560.0.aa1c00ab30271d00.frame.0,ios.A86A3216-7FBE-0190-B03D-B3E8F6D7C687.1780454337560.0.aa1c00ab30271d00,2026-06-03T02:38:57.560Z,GEN_4,32,4,28,30271d0096e5e10188630c00b90300000700d0000b010100,90ae941d,true,true,48,EVENT,39,29,"{""kind"":""event"",""event_id"":29,""event_name"":""STRAP_CONDITION_REPORT"",""timestamp_seconds"":31581590,""timestamp_subseconds"":25480,""data_offset"":12,""data_hex"":""b90300000700d0000b010100"",""warnings"":[]}",goose-swift/live-notification,[]
ios.A86A3216-7FBE-0190-B03D-B3E8F6D7C687.1780454394681.0.aa2400fa30300300.frame.0,ios.A86A3216-7FBE-0190-B03D-B3E8F6D7C687.1780454394681.0.aa2400fa30300300,2026-06-03T02:39:54.681Z,GEN_4,40,4,36,30300300cfe5e101c86f140002d9000000f10e00000101381700003301000000,315be2bd,true,true,48,EVENT,48,3,"{""kind"":""event"",""event_id"":3,""event_name"":""BATTERY_LEVEL"",""timestamp_seconds"":31581647,""timestamp_subseconds"":28616,""data_offset"":12,""data_hex"":""02d9000000f10e00000101381700003301000000"",""warnings"":[]}",goose-swift/live-notification,[]
ios.A86A3216-7FBE-0190-B03D-B3E8F6D7C687.1780454454742.0.aa2400fa303e0300.frame.0,ios.A86A3216-7FBE-0190-B03D-B3E8F6D7C687.1780454454742.0.aa2400fa303e0300,2026-06-03T02:40:54.742Z,GEN_4,40,4,36,303e03000be6e101f074140002e2000000f40e00000101310001003201000000,52faad27,true,true,48,EVENT,62,3,"{""kind"":""event"",""event_id"":3,""event_name"":""BATTERY_LEVEL"",""timestamp_seconds"":31581707,""timestamp_subseconds"":29936,""data_offset"":12,""data_hex"":""02e2000000f40e00000101310001003201000000"",""warnings"":[]}",goose-swift/live-notification,[]
ios.A86A3216-7FBE-0190-B03D-B3E8F6D7C687.1780454514743.0.aa2400fa30490300.frame.0,ios.A86A3216-7FBE-0190-B03D-B3E8F6D7C687.1780454514743.0.aa2400fa30490300,2026-06-03T02:41:54.743Z,GEN_4,40,4,36,3049030047e6e101e079140002ec000000f60e00000101330101003101000000,99100df2,true,true,48,EVENT,73,3,"{""kind"":""event"",""event_id"":3,""event_name"":""BATTERY_LEVEL"",""timestamp_seconds"":31581767,""timestamp_subseconds"":31200,""data_offset"":12,""data_hex"":""02ec000000f60e00000101330101003101000000"",""warnings"":[]}",goose-swift/live-notification,[]
ios.A86A3216-7FBE-0190-B03D-B3E8F6D7C687.1780454574744.0.aa2400fa30580300.frame.0,ios.A86A3216-7FBE-0190-B03D-B3E8F6D7C687.1780454574744.0.aa2400fa30580300,2026-06-03T02:42:54.744Z,GEN_4,40,4,36,3058030083e6e101687f140002f6000000fa0e00000101340201003001000000,4239902d,true,true,48,EVENT,88,3,"{""kind"":""event"",""event_id"":3,""event_name"":""BATTERY_LEVEL"",""timestamp_seconds"":31581827,""timestamp_subseconds"":32616,""data_offset"":12,""data_hex"":""02f6000000fa0e00000101340201003001000000"",""warnings"":[]}",goose-swift/live-notification,[]
ios.A86A3216-7FBE-0190-B03D-B3E8F6D7C687.1780454634804.0.aa2400fa30650300.frame.0,ios.A86A3216-7FBE-0190-B03D-B3E8F6D7C687.1780454634804.0.aa2400fa30650300,2026-06-03T02:43:54.804Z,GEN_4,40,4,36,30650300c0e6e101f004140002ff000000fa0e00000101360301002e01000000,7926959a,true,true,48,EVENT,101,3,"{""kind"":""event"",""event_id"":3,""event_name"":""BATTERY_LEVEL"",""timestamp_seconds"":31581888,""timestamp_subseconds"":1264,""data_offset"":12,""data_hex"":""02ff000000fa0e00000101360301002e01000000"",""warnings"":[]}",goose-swift/live-notification,[]
ios.A86A3216-7FBE-0190-B03D-B3E8F6D7C687.1780454694925.0.aa2400fa30740300.frame.0,ios.A86A3216-7FBE-0190-B03D-B3E8F6D7C687.1780454694925.0.aa2400fa30740300,2026-06-03T02:44:54.925Z,GEN_4,40,4,36,30740300fce6e101880c14000209010000fd0e00000101370401002d01000000,3a850f78,true,true,48,EVENT,116,3,"{""kind"":""event"",""event_id"":3,""event_name"":""BATTERY_LEVEL"",""timestamp_seconds"":31581948,""timestamp_subseconds"":3208,""data_offset"":12,""data_hex"":""0209010000fd0e00000101370401002d01000000"",""warnings"":[]}",goose-swift/live-notification,[]
ios.A86A3216-7FBE-0190-B03D-B3E8F6D7C687.1780454754926.0.aa2400fa30800300.frame.0,ios.A86A3216-7FBE-0190-B03D-B3E8F6D7C687.1780454754926.0.aa2400fa30800300,2026-06-03T02:45:54.926Z,GEN_4,40,4,36,3080030038e7e101d81214000213010000000f00000101390501002c01000000,8b81a3af,true,true,48,EVENT,128,3,"{""kind"":""event"",""event_id"":3,""event_name"":""BATTERY_LEVEL"",""timestamp_seconds"":31582008,""timestamp_subseconds"":4824,""data_offset"":12,""data_hex"":""0213010000000f00000101390501002c01000000"",""warnings"":[]}",goose-swift/live-notification,[]
ios.A86A3216-7FBE-0190-B03D-B3E8F6D7C687.1780454815047.0.aa2400fa308d0300.frame.0,ios.A86A3216-7FBE-0190-B03D-B3E8F6D7C687.1780454815047.0.aa2400fa308d0300,2026-06-03T02:46:55.047Z,GEN_4,40,4,36,308d030074e7e10108191400021e010000fe0e00000101060701002b01000000,f64ab0e7,true,true,48,EVENT,141,3,"{""kind"":""event"",""event_id"":3,""event_name"":""BATTERY_LEVEL"",""timestamp_seconds"":31582068,""timestamp_subseconds"":6408,""data_offset"":12,""data_hex"":""021e010000fe0e00000101060701002b01000000"",""warnings"":[]}",goose-swift/live-notification,[]
ios.A86A3216-7FBE-0190-B03D-B3E8F6D7C687.1780454875168.0.aa2400fa30990300.frame.0,ios.A86A3216-7FBE-0190-B03D-B3E8F6D7C687.1780454875168.0.aa2400fa30990300,2026-06-03T02:47:55.168Z,GEN_4,40,4,36,30990300b0e7e101c01f14000228010000030f00000101070801002a01000000,32c85ea5,true,true,48,EVENT,153,3,"{""kind"":""event"",""event_id"":3,""event_name"":""BATTERY_LEVEL"",""timestamp_seconds"":31582128,""timestamp_subseconds"":8128,""data_offset"":12,""data_hex"":""0228010000030f00000101070801002a01000000"",""warnings"":[]}",goose-swift/live-notification,[]
ios.A86A3216-7FBE-0190-B03D-B3E8F6D7C687.1780454935049.0.aa2400fa30ef0300.frame.0,ios.A86A3216-7FBE-0190-B03D-B3E8F6D7C687.1780454935049.0.aa2400fa30ef0300,2026-06-03T02:48:55.049Z,GEN_4,40,4,36,30ef0300ece7e101682614000232010000020f00000101090901002801000000,19fe8748,true,true,48,EVENT,239,3,"{""kind"":""event"",""event_id"":3,""event_name"":""BATTERY_LEVEL"",""timestamp_seconds"":31582188,""timestamp_subseconds"":9832,""data_offset"":12,""data_hex"":""0232010000020f00000101090901002801000000"",""warnings"":[]}",goose-swift/live-notification,[]
ios.A86A3216-7FBE-0190-B03D-B3E8F6D7C687.1780454937929.0.aa1c00ab30f51d00.frame.0,ios.A86A3216-7FBE-0190-B03D-B3E8F6D7C687.1780454937929.0.aa1c00ab30f51d00,2026-06-03T02:48:57.929Z,GEN_4,32,4,28,30f51d00efe7e10120100c00d1030000070032010b010100,8450a6db,true,true,48,EVENT,245,29,"{""kind"":""event"",""event_id"":29,""event_name"":""STRAP_CONDITION_REPORT"",""timestamp_seconds"":31582191,""timestamp_subseconds"":4128,""data_offset"":12,""data_hex"":""d1030000070032010b010100"",""warnings"":[]}",goose-swift/live-notification,[]
