timeline_id,frame_id,evidence_id,captured_at,category,title,packet_type_name,sequence,command_or_event,device_timestamp_seconds,device_timestamp_subseconds,body_hex,summary,warnings
ios.A86A3216-7FBE-0190-B03D-B3E8F6D7C687.1780453008729.0.aa10005730011700.frame.0.timeline,ios.A86A3216-7FBE-0190-B03D-B3E8F6D7C687.1780453008729.0.aa10005730011700.frame.0,ios.A86A3216-7FBE-0190-B03D-B3E8F6D7C687.1780453008729.0.aa10005730011700,2026-06-03T02:16:48.729Z,event,Event event_23,EVENT,1,23,31580261,30736,,"{""data_hex"":"""",""data_offset"":12,""event_id"":23,""event_name"":null}",[]
ios.A86A3216-7FBE-0190-B03D-B3E8F6D7C687.1780453082707.0.aa1c00ab302b0100.frame.0.timeline,ios.A86A3216-7FBE-0190-B03D-B3E8F6D7C687.1780453082707.0.aa1c00ab302b0100.frame.0,ios.A86A3216-7FBE-0190-B03D-B3E8F6D7C687.1780453082707.0.aa1c00ab302b0100,2026-06-03T02:18:02.707Z,event,Event ERROR,EVENT,43,1,31580335,28032,010005020e00000000000000,"{""data_hex"":""010005020e00000000000000"",""data_offset"":12,""event_id"":1,""event_name"":""ERROR""}",[]
ios.A86A3216-7FBE-0190-B03D-B3E8F6D7C687.1780453135388.0.aa1c00ab302f1d00.frame.0.timeline,ios.A86A3216-7FBE-0190-B03D-B3E8F6D7C687.1780453135388.0.aa1c00ab302f1d00.frame.0,ios.A86A3216-7FBE-0190-B03D-B3E8F6D7C687.1780453135388.0.aa1c00ab302f1d00,2026-06-03T02:18:55.388Z,event,Event STRAP_CONDITION_REPORT,EVENT,47,29,31580388,20688,8d03000006006e000b000100,"{""data_hex"":""8d03000006006e000b000100"",""data_offset"":12,""event_id"":29,""event_name"":""STRAP_CONDITION_REPORT""}",[]
ios.A86A3216-7FBE-0190-B03D-B3E8F6D7C687.1780453311427.0.aa2400fa30350300.frame.0.timeline,ios.A86A3216-7FBE-0190-B03D-B3E8F6D7C687.1780453311427.0.aa2400fa30350300.frame.0,ios.A86A3216-7FBE-0190-B03D-B3E8F6D7C687.1780453311427.0.aa2400fa30350300,2026-06-03T02:21:51.427Z,event,Event BATTERY_LEVEL,EVENT,53,3,31580564,18784,026c0000006d0e00000000280c00000402000000,"{""data_hex"":""026c0000006d0e00000000280c00000402000000"",""data_offset"":12,""event_id"":3,""event_name"":""BATTERY_LEVEL""}",[]
ios.A86A3216-7FBE-0190-B03D-B3E8F6D7C687.1780453311547.0.aa2c005230363f00.frame.0.timeline,ios.A86A3216-7FBE-0190-B03D-B3E8F6D7C687.1780453311547.0.aa2c005230363f00.frame.0,ios.A86A3216-7FBE-0190-B03D-B3E8F6D7C687.1780453311547.0.aa2c005230363f00,2026-06-03T02:21:51.547Z,event,Event EXTENDED_BATTERY_INFORMATION,EVENT,54,63,31580564,18792,0139f94cff6d0e0d010200f200e803280c0000040200001a00000000,"{""data_hex"":""0139f94cff6d0e0d010200f200e803280c0000040200001a00000000"",""data_offset"":12,""event_id"":63,""event_name"":""EXTENDED_BATTERY_INFORMATION""}",[]
ios.A86A3216-7FBE-0190-B03D-B3E8F6D7C687.1780453645088.0.aa10005730421500.frame.0.timeline,ios.A86A3216-7FBE-0190-B03D-B3E8F6D7C687.1780453645088.0.aa10005730421500.frame.0,ios.A86A3216-7FBE-0190-B03D-B3E8F6D7C687.1780453645088.0.aa10005730421500,2026-06-03T02:27:25.088Z,event,Event event_21,EVENT,66,21,31580898,10392,,"{""data_hex"":"""",""data_offset"":12,""event_id"":21,""event_name"":null}",[]
ios.A86A3216-7FBE-0190-B03D-B3E8F6D7C687.1780453674429.0.aa2400fa30490300.frame.0.timeline,ios.A86A3216-7FBE-0190-B03D-B3E8F6D7C687.1780453674429.0.aa2400fa30490300.frame.0,ios.A86A3216-7FBE-0190-B03D-B3E8F6D7C687.1780453674429.0.aa2400fa30490300,2026-06-03T02:27:54.429Z,event,Event BATTERY_LEVEL,EVENT,73,3,31580927,20344,0273000000a30e000001011a0d00000402000000,"{""data_hex"":""0273000000a30e000001011a0d00000402000000"",""data_offset"":12,""event_id"":3,""event_name"":""BATTERY_LEVEL""}",[]
ios.A86A3216-7FBE-0190-B03D-B3E8F6D7C687.1780453734429.0.aa2400fa309f0300.frame.0.timeline,ios.A86A3216-7FBE-0190-B03D-B3E8F6D7C687.1780453734429.0.aa2400fa309f0300.frame.0,ios.A86A3216-7FBE-0190-B03D-B3E8F6D7C687.1780453734429.0.aa2400fa309f0300,2026-06-03T02:28:54.429Z,event,Event BATTERY_LEVEL,EVENT,159,3,31580987,20320,027b000000a80e000001010c0e00000302000000,"{""data_hex"":""027b000000a80e000001010c0e00000302000000"",""data_offset"":12,""event_id"":3,""event_name"":""BATTERY_LEVEL""}",[]
ios.A86A3216-7FBE-0190-B03D-B3E8F6D7C687.1780453737429.0.aa1c00ab30a41d00.frame.0.timeline,ios.A86A3216-7FBE-0190-B03D-B3E8F6D7C687.1780453737429.0.aa1c00ab30a41d00.frame.0,ios.A86A3216-7FBE-0190-B03D-B3E8F6D7C687.1780453737429.0.aa1c00ab30a41d00,2026-06-03T02:28:57.429Z,event,Event STRAP_CONDITION_REPORT,EVENT,164,29,31580990,21592,9c03000007007b000b010100,"{""data_hex"":""9c03000007007b000b010100"",""data_offset"":12,""event_id"":29,""event_name"":""STRAP_CONDITION_REPORT""}",[]
ios.A86A3216-7FBE-0190-B03D-B3E8F6D7C687.1780453794430.0.aa2400fa30ad0300.frame.0.timeline,ios.A86A3216-7FBE-0190-B03D-B3E8F6D7C687.1780453794430.0.aa2400fa30ad0300.frame.0,ios.A86A3216-7FBE-0190-B03D-B3E8F6D7C687.1780453794430.0.aa2400fa30ad0300,2026-06-03T02:29:54.430Z,event,Event BATTERY_LEVEL,EVENT,173,3,31581047,20472,0283000000b50e000001013a0e00000202000000,"{""data_hex"":""0283000000b50e000001013a0e00000202000000"",""data_offset"":12,""event_id"":3,""event_name"":""BATTERY_LEVEL""}",[]
ios.A86A3216-7FBE-0190-B03D-B3E8F6D7C687.1780453854370.0.aa2400fa30b90300.frame.0.timeline,ios.A86A3216-7FBE-0190-B03D-B3E8F6D7C687.1780453854370.0.aa2400fa30b90300.frame.0,ios.A86A3216-7FBE-0190-B03D-B3E8F6D7C687.1780453854370.0.aa2400fa30b90300,2026-06-03T02:30:54.370Z,event,Event BATTERY_LEVEL,EVENT,185,3,31581107,20808,028b000000be0e000001012c0f00000102000000,"{""data_hex"":""028b000000be0e000001012c0f00000102000000"",""data_offset"":12,""event_id"":3,""event_name"":""BATTERY_LEVEL""}",[]
ios.A86A3216-7FBE-0190-B03D-B3E8F6D7C687.1780453914431.0.aa2400fa30c80300.frame.0.timeline,ios.A86A3216-7FBE-0190-B03D-B3E8F6D7C687.1780453914431.0.aa2400fa30c80300.frame.0,ios.A86A3216-7FBE-0190-B03D-B3E8F6D7C687.1780453914431.0.aa2400fa30c80300,2026-06-03T02:31:54.431Z,event,Event BATTERY_LEVEL,EVENT,200,3,31581167,21208,0293000000c30e00000101261000000002000000,"{""data_hex"":""0293000000c30e00000101261000000002000000"",""data_offset"":12,""event_id"":3,""event_name"":""BATTERY_LEVEL""}",[]
ios.A86A3216-7FBE-0190-B03D-B3E8F6D7C687.1780453974492.0.aa2400fa30d50300.frame.0.timeline,ios.A86A3216-7FBE-0190-B03D-B3E8F6D7C687.1780453974492.0.aa2400fa30d50300.frame.0,ios.A86A3216-7FBE-0190-B03D-B3E8F6D7C687.1780453974492.0.aa2400fa30d50300,2026-06-03T02:32:54.492Z,event,Event BATTERY_LEVEL,EVENT,213,3,31581227,21768,029b000000cc0e00000101201100003b01000000,"{""data_hex"":""029b000000cc0e00000101201100003b01000000"",""data_offset"":12,""event_id"":3,""event_name"":""BATTERY_LEVEL""}",[]
ios.A86A3216-7FBE-0190-B03D-B3E8F6D7C687.1780454034552.0.aa2400fa30e10300.frame.0.timeline,ios.A86A3216-7FBE-0190-B03D-B3E8F6D7C687.1780454034552.0.aa2400fa30e10300.frame.0,ios.A86A3216-7FBE-0190-B03D-B3E8F6D7C687.1780454034552.0.aa2400fa30e10300,2026-06-03T02:33:54.552Z,event,Event BATTERY_LEVEL,EVENT,225,3,31581287,22552,02a4000000d20e00000101121200003a01000000,"{""data_hex"":""02a4000000d20e00000101121200003a01000000"",""data_offset"":12,""event_id"":3,""event_name"":""BATTERY_LEVEL""}",[]
ios.A86A3216-7FBE-0190-B03D-B3E8F6D7C687.1780454094553.0.aa2400fa30ee0300.frame.0.timeline,ios.A86A3216-7FBE-0190-B03D-B3E8F6D7C687.1780454094553.0.aa2400fa30ee0300.frame.0,ios.A86A3216-7FBE-0190-B03D-B3E8F6D7C687.1780454094553.0.aa2400fa30ee0300,2026-06-03T02:34:54.553Z,event,Event BATTERY_LEVEL,EVENT,238,3,31581347,23360,02ac000000d80e000001010c1300003901000000,"{""data_hex"":""02ac000000d80e000001010c1300003901000000"",""data_offset"":12,""event_id"":3,""event_name"":""BATTERY_LEVEL""}",[]
ios.A86A3216-7FBE-0190-B03D-B3E8F6D7C687.1780454154554.0.aa2400fa30fa0300.frame.0.timeline,ios.A86A3216-7FBE-0190-B03D-B3E8F6D7C687.1780454154554.0.aa2400fa30fa0300.frame.0,ios.A86A3216-7FBE-0190-B03D-B3E8F6D7C687.1780454154554.0.aa2400fa30fa0300,2026-06-03T02:35:54.554Z,event,Event BATTERY_LEVEL,EVENT,250,3,31581407,24272,02b5000000de0e00000101051400003801000000,"{""data_hex"":""02b5000000de0e00000101051400003801000000"",""data_offset"":12,""event_id"":3,""event_name"":""BATTERY_LEVEL""}",[]
ios.A86A3216-7FBE-0190-B03D-B3E8F6D7C687.1780454214555.0.aa2400fa30090300.frame.0.timeline,ios.A86A3216-7FBE-0190-B03D-B3E8F6D7C687.1780454214555.0.aa2400fa30090300.frame.0,ios.A86A3216-7FBE-0190-B03D-B3E8F6D7C687.1780454214555.0.aa2400fa30090300,2026-06-03T02:36:54.555Z,event,Event BATTERY_LEVEL,EVENT,9,3,31581467,25176,02be000000e40e000001013b1400003701000000,"{""data_hex"":""02be000000e40e000001013b1400003701000000"",""data_offset"":12,""event_id"":3,""event_name"":""BATTERY_LEVEL""}",[]
ios.A86A3216-7FBE-0190-B03D-B3E8F6D7C687.1780454274560.0.aa2400fa30160300.frame.0.timeline,ios.A86A3216-7FBE-0190-B03D-B3E8F6D7C687.1780454274560.0.aa2400fa30160300.frame.0,ios.A86A3216-7FBE-0190-B03D-B3E8F6D7C687.1780454274560.0.aa2400fa30160300,2026-06-03T02:37:54.560Z,event,Event BATTERY_LEVEL,EVENT,22,3,31581527,26336,02c6000000ea0e00000101001600003501000000,"{""data_hex"":""02c6000000ea0e00000101001600003501000000"",""data_offset"":12,""event_id"":3,""event_name"":""BATTERY_LEVEL""}",[]
ios.A86A3216-7FBE-0190-B03D-B3E8F6D7C687.1780454334800.0.aa2400fa30220300.frame.0.timeline,ios.A86A3216-7FBE-0190-B03D-B3E8F6D7C687.1780454334800.0.aa2400fa30220300.frame.0,ios.A86A3216-7FBE-0190-B03D-B3E8F6D7C687.1780454334800.0.aa2400fa30220300,2026-06-03T02:38:54.800Z,event,Event BATTERY_LEVEL,EVENT,34,3,31581587,27464,02d0000000ee0e00000101361600003401000000,"{""data_hex"":""02d0000000ee0e00000101361600003401000000"",""data_offset"":12,""event_id"":3,""event_name"":""BATTERY_LEVEL""}",[]
ios.A86A3216-7FBE-0190-B03D-B3E8F6D7C687.1780454337560.0.aa1c00ab30271d00.frame.0.timeline,ios.A86A3216-7FBE-0190-B03D-B3E8F6D7C687.1780454337560.0.aa1c00ab30271d00.frame.0,ios.A86A3216-7FBE-0190-B03D-B3E8F6D7C687.1780454337560.0.aa1c00ab30271d00,2026-06-03T02:38:57.560Z,event,Event STRAP_CONDITION_REPORT,EVENT,39,29,31581590,25480,b90300000700d0000b010100,"{""data_hex"":""b90300000700d0000b010100"",""data_offset"":12,""event_id"":29,""event_name"":""STRAP_CONDITION_REPORT""}",[]
ios.A86A3216-7FBE-0190-B03D-B3E8F6D7C687.1780454394681.0.aa2400fa30300300.frame.0.timeline,ios.A86A3216-7FBE-0190-B03D-B3E8F6D7C687.1780454394681.0.aa2400fa30300300.frame.0,ios.A86A3216-7FBE-0190-B03D-B3E8F6D7C687.1780454394681.0.aa2400fa30300300,2026-06-03T02:39:54.681Z,event,Event BATTERY_LEVEL,EVENT,48,3,31581647,28616,02d9000000f10e00000101381700003301000000,"{""data_hex"":""02d9000000f10e00000101381700003301000000"",""data_offset"":12,""event_id"":3,""event_name"":""BATTERY_LEVEL""}",[]
ios.A86A3216-7FBE-0190-B03D-B3E8F6D7C687.1780454454742.0.aa2400fa303e0300.frame.0.timeline,ios.A86A3216-7FBE-0190-B03D-B3E8F6D7C687.1780454454742.0.aa2400fa303e0300.frame.0,ios.A86A3216-7FBE-0190-B03D-B3E8F6D7C687.1780454454742.0.aa2400fa303e0300,2026-06-03T02:40:54.742Z,event,Event BATTERY_LEVEL,EVENT,62,3,31581707,29936,02e2000000f40e00000101310001003201000000,"{""data_hex"":""02e2000000f40e00000101310001003201000000"",""data_offset"":12,""event_id"":3,""event_name"":""BATTERY_LEVEL""}",[]
ios.A86A3216-7FBE-0190-B03D-B3E8F6D7C687.1780454514743.0.aa2400fa30490300.frame.0.timeline,ios.A86A3216-7FBE-0190-B03D-B3E8F6D7C687.1780454514743.0.aa2400fa30490300.frame.0,ios.A86A3216-7FBE-0190-B03D-B3E8F6D7C687.1780454514743.0.aa2400fa30490300,2026-06-03T02:41:54.743Z,event,Event BATTERY_LEVEL,EVENT,73,3,31581767,31200,02ec000000f60e00000101330101003101000000,"{""data_hex"":""02ec000000f60e00000101330101003101000000"",""data_offset"":12,""event_id"":3,""event_name"":""BATTERY_LEVEL""}",[]
ios.A86A3216-7FBE-0190-B03D-B3E8F6D7C687.1780454574744.0.aa2400fa30580300.frame.0.timeline,ios.A86A3216-7FBE-0190-B03D-B3E8F6D7C687.1780454574744.0.aa2400fa30580300.frame.0,ios.A86A3216-7FBE-0190-B03D-B3E8F6D7C687.1780454574744.0.aa2400fa30580300,2026-06-03T02:42:54.744Z,event,Event BATTERY_LEVEL,EVENT,88,3,31581827,32616,02f6000000fa0e00000101340201003001000000,"{""data_hex"":""02f6000000fa0e00000101340201003001000000"",""data_offset"":12,""event_id"":3,""event_name"":""BATTERY_LEVEL""}",[]
ios.A86A3216-7FBE-0190-B03D-B3E8F6D7C687.1780454634804.0.aa2400fa30650300.frame.0.timeline,ios.A86A3216-7FBE-0190-B03D-B3E8F6D7C687.1780454634804.0.aa2400fa30650300.frame.0,ios.A86A3216-7FBE-0190-B03D-B3E8F6D7C687.1780454634804.0.aa2400fa30650300,2026-06-03T02:43:54.804Z,event,Event BATTERY_LEVEL,EVENT,101,3,31581888,1264,02ff000000fa0e00000101360301002e01000000,"{""data_hex"":""02ff000000fa0e00000101360301002e01000000"",""data_offset"":12,""event_id"":3,""event_name"":""BATTERY_LEVEL""}",[]
ios.A86A3216-7FBE-0190-B03D-B3E8F6D7C687.1780454694925.0.aa2400fa30740300.frame.0.timeline,ios.A86A3216-7FBE-0190-B03D-B3E8F6D7C687.1780454694925.0.aa2400fa30740300.frame.0,ios.A86A3216-7FBE-0190-B03D-B3E8F6D7C687.1780454694925.0.aa2400fa30740300,2026-06-03T02:44:54.925Z,event,Event BATTERY_LEVEL,EVENT,116,3,31581948,3208,0209010000fd0e00000101370401002d01000000,"{""data_hex"":""0209010000fd0e00000101370401002d01000000"",""data_offset"":12,""event_id"":3,""event_name"":""BATTERY_LEVEL""}",[]
ios.A86A3216-7FBE-0190-B03D-B3E8F6D7C687.1780454754926.0.aa2400fa30800300.frame.0.timeline,ios.A86A3216-7FBE-0190-B03D-B3E8F6D7C687.1780454754926.0.aa2400fa30800300.frame.0,ios.A86A3216-7FBE-0190-B03D-B3E8F6D7C687.1780454754926.0.aa2400fa30800300,2026-06-03T02:45:54.926Z,event,Event BATTERY_LEVEL,EVENT,128,3,31582008,4824,0213010000000f00000101390501002c01000000,"{""data_hex"":""0213010000000f00000101390501002c01000000"",""data_offset"":12,""event_id"":3,""event_name"":""BATTERY_LEVEL""}",[]
ios.A86A3216-7FBE-0190-B03D-B3E8F6D7C687.1780454815047.0.aa2400fa308d0300.frame.0.timeline,ios.A86A3216-7FBE-0190-B03D-B3E8F6D7C687.1780454815047.0.aa2400fa308d0300.frame.0,ios.A86A3216-7FBE-0190-B03D-B3E8F6D7C687.1780454815047.0.aa2400fa308d0300,2026-06-03T02:46:55.047Z,event,Event BATTERY_LEVEL,EVENT,141,3,31582068,6408,021e010000fe0e00000101060701002b01000000,"{""data_hex"":""021e010000fe0e00000101060701002b01000000"",""data_offset"":12,""event_id"":3,""event_name"":""BATTERY_LEVEL""}",[]
ios.A86A3216-7FBE-0190-B03D-B3E8F6D7C687.1780454875168.0.aa2400fa30990300.frame.0.timeline,ios.A86A3216-7FBE-0190-B03D-B3E8F6D7C687.1780454875168.0.aa2400fa30990300.frame.0,ios.A86A3216-7FBE-0190-B03D-B3E8F6D7C687.1780454875168.0.aa2400fa30990300,2026-06-03T02:47:55.168Z,event,Event BATTERY_LEVEL,EVENT,153,3,31582128,8128,0228010000030f00000101070801002a01000000,"{""data_hex"":""0228010000030f00000101070801002a01000000"",""data_offset"":12,""event_id"":3,""event_name"":""BATTERY_LEVEL""}",[]
ios.A86A3216-7FBE-0190-B03D-B3E8F6D7C687.1780454935049.0.aa2400fa30ef0300.frame.0.timeline,ios.A86A3216-7FBE-0190-B03D-B3E8F6D7C687.1780454935049.0.aa2400fa30ef0300.frame.0,ios.A86A3216-7FBE-0190-B03D-B3E8F6D7C687.1780454935049.0.aa2400fa30ef0300,2026-06-03T02:48:55.049Z,event,Event BATTERY_LEVEL,EVENT,239,3,31582188,9832,0232010000020f00000101090901002801000000,"{""data_hex"":""0232010000020f00000101090901002801000000"",""data_offset"":12,""event_id"":3,""event_name"":""BATTERY_LEVEL""}",[]
ios.A86A3216-7FBE-0190-B03D-B3E8F6D7C687.1780454937929.0.aa1c00ab30f51d00.frame.0.timeline,ios.A86A3216-7FBE-0190-B03D-B3E8F6D7C687.1780454937929.0.aa1c00ab30f51d00.frame.0,ios.A86A3216-7FBE-0190-B03D-B3E8F6D7C687.1780454937929.0.aa1c00ab30f51d00,2026-06-03T02:48:57.929Z,event,Event STRAP_CONDITION_REPORT,EVENT,245,29,31582191,4128,d1030000070032010b010100,"{""data_hex"":""d1030000070032010b010100"",""data_offset"":12,""event_id"":29,""event_name"":""STRAP_CONDITION_REPORT""}",[]
